,PC1,PC2,PC3
X1CMET2.PWY..N10.formyl.tetrahydrofolate.biosynthesis,-0.06532594809170819,0.04487226829250095,0
X3.HYDROXYPHENYLACETATE.DEGRADATION.PWY..4.hydroxyphenylacetate.degradation,-0.004525989822812049,-0.07012969078812534,0
AEROBACTINSYN.PWY..aerobactin.biosynthesis,0.005333628018878184,-0.08801802540446757,0
ALL.CHORISMATE.PWY..superpathway.of.chorismate.metabolism,-0.02121834208384525,-0.0824662716657853,0
ANAEROFRUCAT.PWY..homolactic.fermentation,-0.030368341800051442,0.0371686959735526,0
ANAGLYCOLYSIS.PWY..glycolysis.III..from.glucose.,-0.06643537260084593,0.05345363895027017,0
PWY_ARG.POLYAMINE.SYN..superpathway.of.arginine.and.polyamine.biosynthesis,0.022083950347191565,0.005288861094416249,0
ARGDEG.PWY..superpathway.of.L.arginine..putrescine..and.4.aminobutanoate.degradation,0.0017345870467668353,-0.07420816340300605,0
ARGININE.SYN4.PWY..L.ornithine.de.novo..biosynthesis,-0.05291166250047663,0.007906841811447941,0
ARGORNPROST.PWY..arginine..ornithine.and.proline.interconversion,-0.012897569333528718,-0.09544426616151513,0
ARGSYN.PWY..L.arginine.biosynthesis.I..via.L.ornithine.,0.017252737924544157,0.08426415153785496,0
ARGSYNBSUB.PWY..L.arginine.biosynthesis.II..acetyl.cycle.,0.056251894025096214,0.0948905579433445,0
ARO.PWY..chorismate.biosynthesis.I,-0.06951940688591975,0.05713420729756052,0
ASPASN.PWY..superpathway.of.L.aspartate.and.L.asparagine.biosynthesis,-0.041521822270778025,0.03671337325935303,0
AST.PWY..L.arginine.degradation.II..AST.pathway.,0.06684583217828377,-0.02407982411421695,0
BIOTIN.BIOSYNTHESIS.PWY..biotin.biosynthesis.I,0.06955098183102114,0.044183227734695595,0
BRANCHED.CHAIN.AA.SYN.PWY..superpathway.of.branched.amino.acid.biosynthesis,-0.060440741617306,0.050863375622307784,0
CALVIN.PWY..Calvin.Benson.Bassham.cycle,-0.06907401518584481,0.05018479925151624,0
CENTFERM.PWY..pyruvate.fermentation.to.butanoate,-0.022847936727466864,-0.076885184448647,0
CITRULBIO.PWY..L.citrulline.biosynthesis,-0.032308828123239236,-0.032808051924532594,0
COA.PWY.1..coenzyme.A.biosynthesis.II..mammalian.,-0.07924142135412302,0.06330294626847768,0
COA.PWY..coenzyme.A.biosynthesis.I,-0.04968788737078799,0.030150000107010647,0
COBALSYN.PWY..adenosylcobalamin.salvage.from.cobinamide.I,-0.050737702357679285,0.017750834175368477,0
COLANSYN.PWY..colanic.acid.building.blocks.biosynthesis,0.029120451829898628,0.012530097620601187,0
COMPLETE.ARO.PWY..superpathway.of.aromatic.amino.acid.biosynthesis,-0.06918248219164358,0.056410116063202606,0
CRNFORCAT.PWY..creatinine.degradation.I,0.007849079239473146,-0.07025569300931538,0
DAPLYSINESYN.PWY..L.lysine.biosynthesis.I,-0.026883134987375847,0.035155635769443444,0
DENOVOPURINE2.PWY..superpathway.of.purine.nucleotides.de.novo.biosynthesis.II,-0.06369041587054838,0.024663926048946558,0
DTDPRHAMSYN.PWY..dTDP.L.rhamnose.biosynthesis.I,-0.07645380694194749,0.03463578512296301,0
ECASYN.PWY..enterobacterial.common.antigen.biosynthesis,0.024836048109367872,-0.05525561227320778,0
ENTBACSYN.PWY..enterobactin.biosynthesis,0.0435233189926255,0.012961940141897112,0
FAO.PWY..fatty.acid..beta..oxidation.I,0.0689626418079223,-0.004072257099769104,0
FASYN.ELONG.PWY..fatty.acid.elongation....saturated,0.07535012319784509,0.052531091138863145,0
FASYN.INITIAL.PWY..superpathway.of.fatty.acid.biosynthesis.initiation..E..coli.,0.09575297537960253,0.06133582660346517,0
FERMENTATION.PWY..mixed.acid.fermentation,0.0777074846785156,0.023782033054896765,0
FOLSYN.PWY..superpathway.of.tetrahydrofolate.biosynthesis.and.salvage,0.04734240127309342,-0.002193214265829527,0
FUC.RHAMCAT.PWY..superpathway.of.fucose.and.rhamnose.degradation,0.058456038105493074,0.0027124072071624795,0
FUCCAT.PWY..fucose.degradation,0.08839454270925955,0.030756533928522557,0
GALACT.GLUCUROCAT.PWY..superpathway.of.hexuronide.and.hexuronate.degradation,-0.04902043996992905,0.024001746557545313,0
GALACTARDEG.PWY..D.galactarate.degradation.I,0.0655702237993052,-0.0273298676358319,0
GALACTUROCAT.PWY..D.galacturonate.degradation.I,-0.05157832692069782,0.02373281774204687,0
GLCMANNANAUT.PWY..superpathway.of.N.acetylglucosamine..N.acetylmannosamine.and.N.acetylneuraminate.degradation,-0.03930329710214828,0.029203452123377324,0
GLUCARDEG.PWY..D.glucarate.degradation.I,0.06822787184697397,-0.017191457661116506,0
GLUCARGALACTSUPER.PWY..superpathway.of.D.glucarate.and.D.galactarate.degradation,0.06578676124255518,-0.02649520288247961,0
GLUCONEO.PWY..gluconeogenesis.I,0.0005485402127754467,0.00986558865370989,0
GLUCOSE1PMETAB.PWY..glucose.and.glucose.1.phosphate.degradation,0.09747089549172074,0.025135761040894447,0
GLUCUROCAT.PWY..superpathway.of..beta..D.glucuronide.and.D.glucuronate.degradation,-0.04586950538074245,0.026858663454854364,0
GLUDEG.I.PWY..GABA.shunt,0.07689998586868961,0.023231595661188376,0
GLUTORN.PWY..L.ornithine.biosynthesis,0.07598076027434116,0.09638010443078482,0
GLYCOCAT.PWY..glycogen.degradation.I..bacterial.,0.04790493786956714,-0.01807087868724789,0
GLYCOGENSYNTH.PWY..glycogen.biosynthesis.I..from.ADP.D.Glucose.,-0.005252263868617022,0.021983992618243745,0
GLYCOL.GLYOXDEG.PWY..superpathway.of.glycol.metabolism.and.degradation,0.049566870824137944,-0.04946362247252075,0
PWY_GLYCOLYSIS.E.D..superpathway.of.glycolysis.and.Entner.Doudoroff,0.04366545665849436,0.02647742629799702,0
PWY_GLYCOLYSIS.TCA.GLYOX.BYPASS..superpathway.of.glycolysis..pyruvate.dehydrogenase..TCA..and.glyoxylate.bypass,0.07560094135654258,0.022327747377303225,0
PWY_GLYCOLYSIS..glycolysis.I..from.glucose.6.phosphate.,-0.008666839436799058,0.03730261998872782,0
PWY_GLYOXYLATE.BYPASS..glyoxylate.cycle,0.12008741190669314,0.04630683184083175,0
GOLPDLCAT.PWY..superpathway.of.glycerol.degradation.to.1.3.propanediol,0.04304474114972855,-0.04096939614460007,0
HCAMHPDEG.PWY..3.phenylpropanoate.and.3..3.hydroxyphenyl.propanoate.degradation.to.2.oxopent.4.enoate,0.029453249158305068,-0.03736042550552539,0
PWY_HEME.BIOSYNTHESIS.II..heme.biosynthesis.I..aerobic.,0.04250255793718451,-0.01729934361921412,0
HEMESYN2.PWY..heme.biosynthesis.II..anaerobic.,0.017186680660419052,0.009520284763566773,0
HEXITOLDEGSUPER.PWY..superpathway.of.hexitol.degradation..bacteria.,0.033945551248344134,0.028325956584876005,0
HISDEG.PWY..L.histidine.degradation.I,-0.06715517506483319,0.008267668347626572,0
HISTSYN.PWY..L.histidine.biosynthesis,-0.044186775820260794,0.03340904727091221,0
HOMOSER.METSYN.PWY..L.methionine.biosynthesis.I,0.014758742567863902,0.02972466576679751,0
HSERMETANA.PWY..L.methionine.biosynthesis.III,-0.061838380424398764,0.0038586905906087985,0
ILEUSYN.PWY..L.isoleucine.biosynthesis.I..from.threonine.,-0.07307149436580453,0.06651973708709344,0
KDO.NAGLIPASYN.PWY..superpathway.of..Kdo.2.lipid.A.biosynthesis,0.024571987213007115,-0.06430081754991915,0
KETOGLUCONMET.PWY..ketogluconate.metabolism,0.027815497649372967,-0.06108139310183052,0
LACTOSECAT.PWY..lactose.and.galactose.degradation.I,0.05198894379767824,0.04431294308992439,0
LPSSYN.PWY..superpathway.of.lipopolysaccharide.biosynthesis,-0.02314803201876393,-0.10314155490343101,0
MET.SAM.PWY..superpathway.of.S.adenosyl.L.methionine.biosynthesis,0.0073154184559537155,0.04616468530269496,0
METHGLYUT.PWY..superpathway.of.methylglyoxal.degradation,-0.00751042080954585,-0.09782174958238117,0
METSYN.PWY..L.homoserine.and.L.methionine.biosynthesis,-0.0013115638625282658,0.0412882262786408,0
PWY_NAD.BIOSYNTHESIS.II..NAD.salvage.pathway.II,0.09945885329381218,0.026987040807432434,0
NAGLIPASYN.PWY..lipid.IVA.biosynthesis,0.010683889108431073,0.012758486720620375,0
NONMEVIPP.PWY..methylerythritol.phosphate.pathway.I,-0.08394584433674598,0.05929231314963624,0
NONOXIPENT.PWY..pentose.phosphate.pathway..non.oxidative.branch.,-0.07119713682468184,0.038282228907997456,0
OANTIGEN.PWY..O.antigen.building.blocks.biosynthesis..E..coli.,0.016486323142426502,0.03674169306921116,0
ORNARGDEG.PWY..superpathway.of.L.arginine.and.L.ornithine.degradation,0.003644879450604686,-0.07059508335089056,0
ORNDEG.PWY..superpathway.of.ornithine.degradation,-0.008598552289622367,-0.0823999567354975,0
P105.PWY..TCA.cycle.IV..2.oxoglutarate.decarboxylase.,0.06820349238328788,0.018921715390570554,0
P108.PWY..pyruvate.fermentation.to.propanoate.I,0.029522997647901623,-0.0054701814949933356,0
P122.PWY..heterolactic.fermentation,0.008068070296354165,-0.07434397232675098,0
P124.PWY..Bifidobacterium.shunt,-0.023034674550778768,-0.08850381772977979,0
P161.PWY..acetylene.degradation,0.06553145476760826,0.030118784005207167,0
P162.PWY..L.glutamate.degradation.V..via.hydroxyglutarate.,-0.0373525049031531,-0.061924621645385765,0
P164.PWY..purine.nucleobases.degradation.I..anaerobic.,0.00724652285242567,-0.040628199560968255,0
P185.PWY..formaldehyde.assimilation.III..dihydroxyacetone.cycle.,0.002727028766935895,-0.03530203745875937,0
P23.PWY..reductive.TCA.cycle.I,-0.02165553878518889,-0.11574280662235552,0
P4.PWY..superpathway.of.L.lysine..L.threonine.and.L.methionine.biosynthesis.I,0.019078283951123414,0.04073765877791717,0
P42.PWY..incomplete.reductive.TCA.cycle,-0.019016106263772266,-0.0015504150445587016,0
P441.PWY..superpathway.of.N.acetylneuraminate.degradation,0.038960045322536725,0.026757968076003714,0
P461.PWY..hexitol.fermentation.to.lactate..formate..ethanol.and.acetate,0.07843441710523232,0.04816996389589915,0
PANTO.PWY..phosphopantothenate.biosynthesis.I,-0.07331468682267953,0.054246056455412056,0
PANTOSYN.PWY..pantothenate.and.coenzyme.A.biosynthesis.I,-0.058112474620257565,0.03743648953340529,0
PENTOSE.P.PWY..pentose.phosphate.pathway,0.016647634708897185,0.028933293261716612,0
PEPTIDOGLYCANSYN.PWY..peptidoglycan.biosynthesis.I..meso.diaminopimelate.containing.,-0.08286688104046291,0.06571661147524446,0
PHOSLIPSYN.PWY..superpathway.of.phospholipid.biosynthesis.I..bacteria.,-0.018848380522096003,0.03418823282238634,0
POLYAMINSYN3.PWY..superpathway.of.polyamine.biosynthesis.II,-0.0035274324318535985,-0.07156716403602593,0
POLYAMSYN.PWY..superpathway.of.polyamine.biosynthesis.I,-0.014712448925906693,-0.019301053412780933,0
POLYISOPRENSYN.PWY..polyisoprenoid.biosynthesis..E..coli.,0.0442808032638549,-0.03737153096328513,0
PPGPPMET.PWY..ppGpp.biosynthesis,0.08601358263066379,0.03626277932511138,0
PROTOCATECHUATE.ORTHO.CLEAVAGE.PWY..protocatechuate.degradation.II..ortho.cleavage.pathway.,-0.028131508825633728,-0.08956893732819733,0
PRPP.PWY..superpathway.of.histidine..purine..and.pyrimidine.biosynthesis,-0.02692198109621996,0.025605193476521886,0
PWY.101..photosynthesis.light.reactions,-0.01584286319573488,-0.07114546740640901,0
PWY.1042..glycolysis.IV..plant.cytosol.,-0.07004614620608919,0.05711889248608581,0
PWY.1269..CMP.3.deoxy.D.manno.octulosonate.biosynthesis.I,-0.0240274510554895,0.03473940925032964,0
PWY.1861..formaldehyde.assimilation.II..RuMP.Cycle.,-0.028524175031653783,-0.12089563839041587,0
PWY.241..C4.photosynthetic.carbon.assimilation.cycle..NADP.ME.type,-0.011549491132573057,-0.10613297191401297,0
PWY.2723..trehalose.degradation.V,0.02667130919096838,-0.06332672802125718,0
PWY.2941..L.lysine.biosynthesis.II,-0.06371825975994595,-0.0066457385889115185,0
PWY.2942..L.lysine.biosynthesis.III,-0.08268456534448618,0.05284009021929405,0
PWY.3001..superpathway.of.L.isoleucine.biosynthesis.I,-0.0591361334311799,0.05059061321509643,0
PWY.3781..aerobic.respiration.I..cytochrome.c.,0.005601590314490412,-0.047675262510028314,0
PWY.3801..sucrose.degradation.II..sucrose.synthase.,-0.03190237111830665,-0.12444854249675757,0
PWY.3841..folate.transformations.II,-0.06585757117490923,0.04664397156594771,0
PWY.4041...gamma..glutamyl.cycle,0.10042950982507291,0.020348904172705688,0
PWY.4242..pantothenate.and.coenzyme.A.biosynthesis.III,-0.041435861923364264,0.022133589473746607,0
PWY.4702..phytate.degradation.I,0.0741773557097815,0.013398750512818228,0
PWY.4981..L.proline.biosynthesis.II..from.arginine.,-0.054274710487153356,0.006337000002568867,0
PWY.4984..urea.cycle,-0.029626363423551308,-0.03783779725694287,0
PWY.5005..biotin.biosynthesis.II,-0.0008018369541072668,-0.04568687187782258,0
PWY.5022..4.aminobutanoate.degradation.V,0.0738000063537187,0.020998492612567306,0
PWY.5030..L.histidine.degradation.III,-0.06345554043941039,-0.022829949525880487,0
PWY.5083..NAD.NADH.phosphorylation.and.dephosphorylation,0.1262831722876641,0.05437103060034796,0
PWY.5088..L.glutamate.degradation.VIII..to.propanoate.,-0.014247414318189315,-0.11419086416248247,0
PWY.5097..L.lysine.biosynthesis.VI,-0.08264573498728656,0.0557656074760493,0
PWY.5100..pyruvate.fermentation.to.acetate.and.lactate.II,-0.059485505750980286,0.012757636479080927,0
PWY.5101..L.isoleucine.biosynthesis.II,-0.048834668059269046,-0.012146792178485013,0
PWY.5103..L.isoleucine.biosynthesis.III,-0.058230607478394605,0.047662679784773045,0
PWY.5104..L.isoleucine.biosynthesis.IV,-0.04187208247217913,-0.023628124771324296,0
PWY.5121..superpathway.of.geranylgeranyl.diphosphate.biosynthesis.II..via.MEP.,0.025749581783553653,0.014732695392631431,0
PWY.5136..fatty.acid..beta..oxidation.II..peroxisome.,0.06903191578318332,-0.01325646683437397,0
PWY.5138..unsaturated..even.numbered.fatty.acid..beta..oxidation,0.009699634284856574,-0.09798735759771436,0
PWY.5154..L.arginine.biosynthesis.III..via.N.acetyl.L.citrulline.,0.0382081955278265,0.06260573671587895,0
PWY.5173..superpathway.of.acetyl.CoA.biosynthesis,0.09441636329798257,0.0028336229736978255,0
PWY.5177..glutaryl.CoA.degradation,-0.05900840903020406,-0.01981795987050116,0
PWY.5188..tetrapyrrole.biosynthesis.I..from.glutamate.,-0.030808771220593414,0.025884463862487488,0
PWY.5189..tetrapyrrole.biosynthesis.II..from.glycine.,0.07061720728741026,0.019056671470012256,0
PWY.5345..superpathway.of.L.methionine.biosynthesis..by.sulfhydrylation.,0.03784224933753907,0.031821119641913725,0
PWY.5347..superpathway.of.L.methionine.biosynthesis..transsulfuration.,-0.0022486274659081194,0.04042886914751944,0
PWY.5367..petroselinate.biosynthesis,0.016905983960747613,-0.023727173182401775,0
PWY.5384..sucrose.degradation.IV..sucrose.phosphorylase.,0.07362495380600372,-0.011001481507521917,0
PWY.5415..catechol.degradation.I..meta.cleavage.pathway.,-0.023970347092195546,-0.08084929473252671,0
PWY.5464..superpathway.of.cytosolic.glycolysis..plants...pyruvate.dehydrogenase.and.TCA.cycle,-0.0022896385485748835,-0.07320452958957313,0
PWY.5484..glycolysis.II..from.fructose.6.phosphate.,-0.008791591938818042,0.03613622794275813,0
PWY.5505..L.glutamate.and.L.glutamine.biosynthesis,0.046138301905881675,-0.022847213071513498,0
PWY.561..superpathway.of.glyoxylate.cycle.and.fatty.acid.degradation,0.04509956001846671,-0.02609053674432065,0
PWY.5656..mannosylglycerate.biosynthesis.I,-0.027712701324310834,-0.1293943138855157,0
PWY.5659..GDP.mannose.biosynthesis,-0.05368998681138867,0.025850797712601938,0
PWY.5667..CDP.diacylglycerol.biosynthesis.I,-0.07182871147663764,0.05438638062375196,0
PWY.5675..nitrate.reduction.V..assimilatory.,-0.08517271295818697,-0.18459144670479186,0
PWY.5676..acetyl.CoA.fermentation.to.butanoate.II,-0.02838035574992404,-0.0287699293811838,0
PWY.5686..UMP.biosynthesis,-0.08343460074264224,0.06566525370548233,0
PWY.5690..TCA.cycle.II..plants.and.fungi.,0.05444759410284873,0.03330206127466845,0
PWY.5695..urate.biosynthesis.inosine.5..phosphate.degradation,-0.06934472243685061,0.06073002890892806,0
PWY.5705..allantoin.degradation.to.glyoxylate.III,0.01382779089345441,-0.07812410064226574,0
PWY.5723..Rubisco.shunt,0.06189107955516624,0.02133786498333822,0
PWY.5747..2.methylcitrate.cycle.II,-0.0463952487798793,-0.13403292921305507,0
PWY.5791..1.4.dihydroxy.2.naphthoate.biosynthesis.II..plants.,0.08077884331276997,0.02261551734269677,0
PWY.5837..1.4.dihydroxy.2.naphthoate.biosynthesis.I,0.0829225028189452,0.022418414459261068,0
PWY.5838..superpathway.of.menaquinol.8.biosynthesis.I,0.04842699699495812,0.008426239779501079,0
PWY.5840..superpathway.of.menaquinol.7.biosynthesis,0.049370543328581123,0.013098043046591441,0
PWY.5845..superpathway.of.menaquinol.9.biosynthesis,0.03022565086870237,-0.005067140973158018,0
PWY.5850..superpathway.of.menaquinol.6.biosynthesis.I,0.030648247815872012,-0.00690758319348495,0
PWY.5855..ubiquinol.7.biosynthesis..prokaryotic.,0.07400626945012452,-0.0029070512205687507,0
PWY.5856..ubiquinol.9.biosynthesis..prokaryotic.,0.0750440294498193,-0.0032334298142315354,0
PWY.5857..ubiquinol.10.biosynthesis..prokaryotic.,0.07406456787408641,-0.0032716516472716217,0
PWY.5860..superpathway.of.demethylmenaquinol.6.biosynthesis.I,0.028264848735590663,-0.02146593418655028,0
PWY.5861..superpathway.of.demethylmenaquinol.8.biosynthesis,0.0487975198563554,-0.0024980088766740206,0
PWY.5862..superpathway.of.demethylmenaquinol.9.biosynthesis,0.028723164441110817,-0.021237940748883015,0
PWY.5863..superpathway.of.phylloquinol.biosynthesis,0.06624988871055619,-0.0005472689662916575,0
PWY.5871..ubiquinol.9.biosynthesis..eukaryotic.,0.0073752499158813295,-0.06529720591417056,0
PWY.5873..ubiquinol.7.biosynthesis..eukaryotic.,0.004554204845411474,-0.06871045108694451,0
PWY.5896..superpathway.of.menaquinol.10.biosynthesis,0.02915316957509046,-0.008214913994372396,0
PWY.5897..superpathway.of.menaquinol.11.biosynthesis,0.062101543534099156,0.03489576376246336,0
PWY.5898..superpathway.of.menaquinol.12.biosynthesis,0.06180974326402325,0.03373900283023807,0
PWY.5899..superpathway.of.menaquinol.13.biosynthesis,0.06078359565655423,0.03269795226466185,0
PWY.5913..TCA.cycle.VI..obligate.autotrophs.,0.08313657937640058,0.010936789204187305,0
PWY.5918..superpathay.of.heme.biosynthesis.from.glutamate,0.03691200114036079,-0.020214247674936826,0
PWY.5920..superpathway.of.heme.biosynthesis.from.glycine,-0.01732869275105136,-0.1026240147183993,0
PWY.5941..glycogen.degradation.II..eukaryotic.,-0.01676469369007274,-0.05201509470807052,0
PWY.5971..palmitate.biosynthesis.II..bacteria.and.plants.,0.041439384431570886,0.01927669622584107,0
PWY.5973..cis.vaccenate.biosynthesis,-0.06656215540656393,0.03961436158432753,0
PWY.5989..stearate.biosynthesis.II..bacteria.and.plants.,0.04947859765082321,0.03689563867281169,0
PWY.6113..superpathway.of.mycolate.biosynthesis,0.020919141690802973,-0.014624747208159814,0
PWY.6121..5.aminoimidazole.ribonucleotide.biosynthesis.I,-0.07855149363233807,0.05864889329056683,0
PWY.6122..5.aminoimidazole.ribonucleotide.biosynthesis.II,-0.0777036989254811,0.05947748346780662,0
PWY.6123..inosine.5..phosphate.biosynthesis.I,-0.05581672411577873,0.04411253461190284,0
PWY.6124..inosine.5..phosphate.biosynthesis.II,-0.04460992629919194,0.039748976278285386,0
PWY.6125..superpathway.of.guanosine.nucleotides.de.novo.biosynthesis.II,-0.0642678218294109,0.035368287552892876,0
PWY.6126..superpathway.of.adenosine.nucleotides.de.novo.biosynthesis.II,-0.06859236472421623,0.04317927383805164,0
PWY.6147..6.hydroxymethyl.dihydropterin.diphosphate.biosynthesis.I,-0.002756499727017086,0.016872996540386768,0
PWY.6151..S.adenosyl.L.methionine.cycle.I,-0.08244791799965424,0.05357050230110702,0
PWY.6163..chorismate.biosynthesis.from.3.dehydroquinate,-0.06993399126922231,0.055130913985924616,0
PWY.6168..flavin.biosynthesis.III..fungi.,-0.05269914694765906,0.029605247814066798,0
PWY.621..sucrose.degradation.III..sucrose.invertase.,-0.03370775701046374,0.03671777411941433,0
PWY.6263..superpathway.of.menaquinol.8.biosynthesis.II,-0.027004706513560916,-0.11074459261067668,0
PWY.6270..isoprene.biosynthesis.I,0.0076163782922444604,0.032556024925174246,0
PWY.6277..superpathway.of.5.aminoimidazole.ribonucleotide.biosynthesis,-0.07738128511117957,0.05994877042412519,0
PWY.6282..palmitoleate.biosynthesis.I..from..5Z..dodec.5.enoate.,0.07810641080900228,0.04872108426507515,0
PWY.6284..superpathway.of.unsaturated.fatty.acids.biosynthesis..E..coli.,0.02052012445918445,-0.032135327767820555,0
PWY.6285..superpathway.of.fatty.acids.biosynthesis..E..coli.,-0.01961093072351634,-0.06824699857268152,0
PWY.6305..putrescine.biosynthesis.IV,-0.040078325018926976,0.013444090475562213,0
PWY.6317..galactose.degradation.I..Leloir.pathway.,-0.05068271406568096,0.030949186731537164,0
PWY.6318..L.phenylalanine.degradation.IV..mammalian..via.side.chain.,-0.025199911516314934,-0.09838741932644937,0
PWY.6353..purine.nucleotides.degradation.II..aerobic.,0.04691312902128151,0.03387097939602266,0
PWY.6385..peptidoglycan.biosynthesis.III..mycobacteria.,-0.0644874004424839,0.056861841180607435,0
PWY.6386..UDP.N.acetylmuramoyl.pentapeptide.biosynthesis.II..lysine.containing.,-0.08401789446032938,0.06649014577270973,0
PWY.6387..UDP.N.acetylmuramoyl.pentapeptide.biosynthesis.I..meso.diaminopimelate.containing.,-0.08283261509159547,0.06651838488953546,0
PWY.6415..L.ascorbate.biosynthesis.V,-0.03310842425923227,-0.13650729579622684,0
PWY.6471..peptidoglycan.biosynthesis.IV..Enterococcus.faecium.,-0.011372191998327843,-0.06948382216015463,0
PWY.6507..4.deoxy.L.threo.hex.4.enopyranuronate.degradation,-0.04526798606496059,0.023737975455463634,0
PWY.6519..8.amino.7.oxononanoate.biosynthesis.I,0.07861296110963623,0.04547508963045931,0
PWY.6527..stachyose.degradation,-0.04644158669951999,0.028083580288896674,0
PWY.6531..mannitol.cycle,0.03236847156215085,-0.044462133217925345,0
PWY.6545..pyrimidine.deoxyribonucleotides.de.novo.biosynthesis.III,-0.06717559685780945,0.014025784027516046,0
PWY.6549..L.glutamine.biosynthesis.III,-0.009577894483770583,-0.0981765799453524,0
PWY.6588..pyruvate.fermentation.to.acetone,0.015264607857242223,-0.07366225650430097,0
PWY.6590..superpathway.of.Clostridium.acetobutylicum.acidogenic.fermentation,-0.026312715704437405,-0.06970068419863047,0
PWY.6595..superpathway.of.guanosine.nucleotides.degradation..plants.,-0.0212706459948574,-0.047590797267052704,0
PWY.6606..guanosine.nucleotides.degradation.II,-0.009703787687465331,-0.03575499979261123,0
PWY.6608..guanosine.nucleotides.degradation.III,0.0022802996069267415,0.02403994445347732,0
PWY.6609..adenine.and.adenosine.salvage.III,-0.055130285972645625,0.030318854877790166,0
PWY.6612..superpathway.of.tetrahydrofolate.biosynthesis,0.05911487632156395,0.0007252084554500384,0
PWY.6628..superpathway.of.L.phenylalanine.biosynthesis,0.0670156094866443,0.03898350240296253,0
PWY.6629..superpathway.of.L.tryptophan.biosynthesis,0.015429944631157424,-0.03743940370198147,0
PWY.6630..superpathway.of.L.tyrosine.biosynthesis,0.06101785758298062,0.030828268425665203,0
PWY.6690..cinnamate.and.3.hydroxycinnamate.degradation.to.2.oxopent.4.enoate,0.03054412769345824,-0.03487011831329862,0
PWY.6700..queuosine.biosynthesis,-0.08021063545210737,0.047582435045685705,0
PWY.6703..preQ0.biosynthesis,-0.07126083888139874,0.03770684930929735,0
PWY.6708..ubiquinol.8.biosynthesis..prokaryotic.,0.0763759252339378,-0.00039019932380339933,0
PWY.6731..starch.degradation.III,-0.030160928338926148,-0.13064320172102076,0
PWY.6737..starch.degradation.V,-0.08453305711133413,0.05321406443064113,0
PWY.6785..hydrogen.production.VIII,-0.012896929550533303,-0.04794700954757456,0
PWY.6803..phosphatidylcholine.acyl.editing,0.07219357830726189,-0.002286159969864419,0
PWY.6823..molybdenum.cofactor.biosynthesis,0.03620437182893375,-0.04953771135351503,0
PWY.6859..all.trans.farnesol.biosynthesis,0.0463082599546077,-0.04043562428777992,0
PWY.6891..thiazole.biosynthesis.II..Bacillus.,0.07849574740556524,0.02386046755082865,0
PWY.6892..thiazole.biosynthesis.I..E..coli.,0.10420307427662315,0.05262848836655368,0
PWY.6895..superpathway.of.thiamin.diphosphate.biosynthesis.II,0.05164201013755949,0.04139969493495507,0
PWY.6897..thiamin.salvage.II,-0.0566053232468144,0.038342400903232654,0
PWY.6901..superpathway.of.glucose.and.xylose.degradation,0.03558861571263618,0.028695457388518097,0
PWY.6936..seleno.amino.acid.biosynthesis,0.03617534866002495,0.03988008102589543,0
PWY.6969..TCA.cycle.V..2.oxoglutarate.ferredoxin.oxidoreductase.,0.0471051312732191,0.04004298326184119,0
PWY.7003..glycerol.degradation.to.butanol,0.00015820812972865023,-0.06735221553455542,0
PWY.7013..L.1.2.propanediol.degradation,0.03705567572920526,-0.022398621104251015,0
PWY.7039..phosphatidate.metabolism..as.a.signaling.molecule,-0.018482042098745616,-0.0970867589534631,0
PWY.7111..pyruvate.fermentation.to.isobutanol..engineered.,-0.07228867101539652,0.0671754880335267,0
PWY.7115..C4.photosynthetic.carbon.assimilation.cycle..NAD.ME.type,-0.0002632565068183493,-0.09282939617147011,0
PWY.7117..C4.photosynthetic.carbon.assimilation.cycle..PEPCK.type,0.0023553217694748008,-0.06095793258416624,0
PWY.7184..pyrimidine.deoxyribonucleotides.de.novo.biosynthesis.I,-0.06306597216325223,0.028077185088725046,0
PWY.7187..pyrimidine.deoxyribonucleotides.de.novo.biosynthesis.II,-0.0623535523793445,0.020925230470389557,0
PWY.7196..superpathway.of.pyrimidine.ribonucleosides.salvage,-0.03051518315175001,-0.027316922836269467,0
PWY.7197..pyrimidine.deoxyribonucleotide.phosphorylation,-0.0645811044056383,0.021635237734886795,0
PWY.7198..pyrimidine.deoxyribonucleotides.de.novo.biosynthesis.IV,0.005063654672867593,-0.037121117998475325,0
PWY.7199..pyrimidine.deoxyribonucleosides.salvage,-0.04831375815680686,0.03587124269628517,0
PWY.7200..superpathway.of.pyrimidine.deoxyribonucleoside.salvage,-0.025591355340761845,-0.08253813523637964,0
PWY.7204..pyridoxal.5..phosphate.salvage.II..plants.,0.050306719262214694,-0.003718410124299463,0
PWY.7208..superpathway.of.pyrimidine.nucleobases.salvage,-0.06554646418052192,0.03314402461690507,0
PWY.7209..superpathway.of.pyrimidine.ribonucleosides.degradation,0.00746638585720507,-0.0919105722628959,0
PWY.7210..pyrimidine.deoxyribonucleotides.biosynthesis.from.CTP,-0.005736833301429888,-0.038448982999058696,0
PWY.7211..superpathway.of.pyrimidine.deoxyribonucleotides.de.novo.biosynthesis,-0.034299748983964776,-0.00761449935912601,0
PWY.7219..adenosine.ribonucleotides.de.novo.biosynthesis,-0.08828350925882088,0.07405327761021875,0
PWY.7220..adenosine.deoxyribonucleotides.de.novo.biosynthesis.II,-0.06089826661636771,0.024267657961081202,0
PWY.7221..guanosine.ribonucleotides.de.novo.biosynthesis,-0.08555547166795915,0.06473502743669704,0
PWY.7222..guanosine.deoxyribonucleotides.de.novo.biosynthesis.II,-0.05888975093312962,0.026203212348323696,0
PWY.7228..superpathway.of.guanosine.nucleotides.de.novo.biosynthesis.I,-0.06760210149269878,0.03856583133769426,0
PWY.7229..superpathway.of.adenosine.nucleotides.de.novo.biosynthesis.I,-0.07072291141191518,0.049187190433312745,0
PWY.7234..inosine.5..phosphate.biosynthesis.III,-0.04723068470497038,0.03290385949231418,0
PWY.7235..superpathway.of.ubiquinol.6.biosynthesis..eukaryotic.,-0.014428312839470027,-0.07140517095535545,0
PWY.7237..myo...chiro..and.scillo.inositol.degradation,-0.006449574320393162,-0.021546284510670977,0
PWY.7242..D.fructuronate.degradation,-0.04038275610791786,0.031685138235655594,0
PWY.724..superpathway.of.L.lysine..L.threonine.and.L.methionine.biosynthesis.II,-0.07355617405684386,0.051954029337392835,0
PWY.7254..TCA.cycle.VII..acetate.producers.,0.08898304668832571,0.00928068217867585,0
PWY.7269..NAD.NADP.NADH.NADPH.mitochondrial.interconversion..yeast.,0.08427647635307899,0.007262954024327278,0
PWY.7279..aerobic.respiration.II..cytochrome.c...yeast.,-0.002832686748672656,-0.0795046244083277,0
PWY.7282..4.amino.2.methyl.5.phosphomethylpyrimidine.biosynthesis..yeast.,-0.05646222841461204,0.019235363200212928,0
PWY.7315..dTDP.N.acetylthomosamine.biosynthesis,0.08315199966786652,0.0178808345253173,0
PWY.7323..superpathway.of.GDP.mannose.derived.O.antigen.building.blocks.biosynthesis,0.04309583546361004,0.02799707304728733,0
PWY.7328..superpathway.of.UDP.glucose.derived.O.antigen.building.blocks.biosynthesis,0.013761622370305466,-0.045600830842321576,0
PWY.7345..superpathway.of.anaerobic.sucrose.degradation,-0.029519539640346034,-0.12260613780681857,0
PWY.7357..thiamin.formation.from.pyrithiamine.and.oxythiamine..yeast.,-0.051675756724349146,0.041884565509490365,0
PWY.7371..1.4.dihydroxy.6.naphthoate.biosynthesis.II,-0.0023750528190257685,-0.009391047170443177,0
PWY.7383..anaerobic.energy.metabolism..invertebrates..cytosol.,-0.05247765564730504,0.007124773437231386,0
PWY.7388..octanoyl..acyl.carrier.protein..biosynthesis..mitochondria..yeast.,0.09529141818672338,0.05920827687386466,0
PWY.7392..taxadiene.biosynthesis..engineered.,0.011405463619292082,-0.04137078971696533,0
PWY.7399..methylphosphonate.degradation.II,-0.029641795340890207,-0.11633477728985961,0
PWY.7400..L.arginine.biosynthesis.IV..archaebacteria.,0.011397280685573155,0.0828479189077781,0
PWY.7409..phospholipid.remodeling..phosphatidylethanolamine..yeast.,0.05375921092219545,-0.0297599777249131,0
PWY.7446..sulfoglycolysis,0.0336321052634075,-0.052426854221297385,0
PWY.7456..mannan.degradation,-0.04267390501764891,-0.03268696782669663,0
PWY.7539..6.hydroxymethyl.dihydropterin.diphosphate.biosynthesis.III..Chlamydia.,-0.0008481157431473524,0.004983296353399834,0
PWY.7560..methylerythritol.phosphate.pathway.II,0.013146978663779337,0.032008582255122583,0
PWY.7663..gondoate.biosynthesis..anaerobic.,-0.06021252369777141,0.04053737642088526,0
PWY.7664..oleate.biosynthesis.IV..anaerobic.,0.08128726018357654,0.053451187662987315,0
PWY.821..superpathway.of.sulfur.amino.acid.biosynthesis..Saccharomyces.cerevisiae.,0.05264939782556579,-0.01664745392665697,0
PWY.841..superpathway.of.purine.nucleotides.de.novo.biosynthesis.I,-0.05499390625171242,0.040227095610394975,0
PWY.922..mevalonate.pathway.I,-0.03377101649919795,-0.15129807868471282,0
PWY0.1061..superpathway.of.L.alanine.biosynthesis,0.13535185327587648,0.11804071925342538,0
PWY0.1241..ADP.L.glycero..beta..D.manno.heptose.biosynthesis,0.10610867783753479,0.02088962925340989,0
PWY0.1261..anhydromuropeptides.recycling,0.035707487155548,0.041946830107642656,0
PWY0.1277..3.phenylpropanoate.and.3..3.hydroxyphenyl.propanoate.degradation,0.026844702883715668,-0.025297553765283424,0
PWY0.1296..purine.ribonucleosides.degradation,-0.06923375715982363,0.04467623516803774,0
PWY0.1297..superpathway.of.purine.deoxyribonucleosides.degradation,0.06325665166947406,0.05181699193464108,0
PWY0.1298..superpathway.of.pyrimidine.deoxyribonucleosides.degradation,0.043818705677316064,0.015326741972684915,0
PWY0.1319..CDP.diacylglycerol.biosynthesis.II,-0.07116879793595045,0.05509683715720515,0
PWY0.1338..polymyxin.resistance,0.04250280402786296,-0.06823071456980002,0
PWY0.1415..superpathway.of.heme.biosynthesis.from.uroporphyrinogen.III,0.021374619349350994,-0.05939342032563078,0
PWY0.1479..tRNA.processing,-0.018200184476743753,-0.020954110872100185,0
PWY0.1533..methylphosphonate.degradation.I,0.08607697096011248,0.018274630613097774,0
PWY0.1586..peptidoglycan.maturation..meso.diaminopimelate.containing.,-0.02128414060880064,0.041120298468391235,0
PWY0.162..superpathway.of.pyrimidine.ribonucleotides.de.novo.biosynthesis,-0.06179321341343979,0.0328355667937362,0
PWY0.166..superpathway.of.pyrimidine.deoxyribonucleotides.de.novo.biosynthesis..E..coli.,-0.06722611396767832,0.03541666015348191,0
PWY0.321..phenylacetate.degradation.I..aerobic.,-0.022750667967218564,-0.09854117597282197,0
PWY0.42..2.methylcitrate.cycle.I,-0.044266063975651804,-0.1309869389155755,0
PWY0.781..aspartate.superpathway,0.020399308812544266,0.039117378765915235,0
PWY0.845..superpathway.of.pyridoxal.5..phosphate.biosynthesis.and.salvage,-0.06297969375128065,0.011190203197068104,0
PWY0.862...5Z..dodec.5.enoate.biosynthesis,0.08627429867914307,0.054222157166571625,0
PWY3O.19..ubiquinol.6.biosynthesis.from.4.hydroxybenzoate..eukaryotic.,-0.03004705134037189,-0.11683785551699288,0
PWY490.3..nitrate.reduction.VI..assimilatory.,-0.009677285701228562,-0.1281642457098138,0
PWY4FS.7..phosphatidylglycerol.biosynthesis.I..plastidic.,-0.02483371655089787,0.03135972629682604,0
PWY4FS.8..phosphatidylglycerol.biosynthesis.II..non.plastidic.,-0.024465143196593975,0.03157173130743494,0
PWY4LZ.257..superpathway.of.fermentation..Chlamydomonas.reinhardtii.,0.03743528272554645,-0.016572460342230807,0
PWY66.389..phytol.degradation,-0.012787276252160114,-0.08636272295484573,0
PWY66.398..TCA.cycle.III..animals.,-0.020476143245632326,-0.10782066316608509,0
PWY66.399..gluconeogenesis.III,-0.00852448337422588,0.007490641080886696,0
PWY66.400..glycolysis.VI..metazoan.,0.02254532362886309,0.04149149546017441,0
PWY66.409..superpathway.of.purine.nucleotide.salvage,0.046532909409962166,0.045206061753549874,0
PWY66.422..D.galactose.degradation.V..Leloir.pathway.,-0.04881198578950937,0.03208290364112032,0
PWYG.321..mycolate.biosynthesis,0.0760847782726284,0.046524400023536805,0
PYRIDNUCSAL.PWY..NAD.salvage.pathway.I,0.029237001516983576,0.006880661472917646,0
PYRIDNUCSYN.PWY..NAD.biosynthesis.I..from.aspartate.,-0.06642264829440263,0.02516042323266177,0
PYRIDOXSYN.PWY..pyridoxal.5..phosphate.biosynthesis.I,-0.0481609149777569,0.024262495895862535,0
PWY_REDCITCYC..TCA.cycle.VIII..helicobacter.,0.08509573516466332,0.0005533744287053629,0
RHAMCAT.PWY..L.rhamnose.degradation.I,-0.016416194130744268,0.028391097089825467,0
RIBOSYN2.PWY..flavin.biosynthesis.I..bacteria.and.plants.,-0.03582659859645447,0.028085053143679223,0
SALVADEHYPOX.PWY..adenosine.nucleotides.degradation.II,0.003285757843456688,0.017497471384642554,0
SER.GLYSYN.PWY..superpathway.of.L.serine.and.glycine.biosynthesis.I,-0.054440331158551354,0.03115499451809776,0
SO4ASSIM.PWY..sulfate.reduction.I..assimilatory.,0.08394085016672569,0.058394392572197265,0
SULFATE.CYS.PWY..superpathway.of.sulfate.assimilation.and.cysteine.biosynthesis,0.05955972470957901,0.04106839508843804,0
PWY_TCA.GLYOX.BYPASS..superpathway.of.glyoxylate.bypass.and.TCA,0.09504963952360024,0.030474100894792865,0
PWY_TCA..TCA.cycle.I..prokaryotic.,0.04527532258251178,0.04295107342272115,0
THISYN.PWY..superpathway.of.thiamin.diphosphate.biosynthesis.I,0.05664181580884774,0.05333839863661908,0
THISYNARA.PWY..superpathway.of.thiamin.diphosphate.biosynthesis.III..eukaryotes.,-0.04117986335028294,0.024750820874748,0
THRESYN.PWY..superpathway.of.L.threonine.biosynthesis,-0.06127595946237746,0.04803133404452831,0
TRNA.CHARGING.PWY..tRNA.charging,-0.0852450627209374,0.04317658622489649,0
TRPSYN.PWY..L.tryptophan.biosynthesis,0.0031524611916440774,0.0416163682589609,0
UBISYN.PWY..superpathway.of.ubiquinol.8.biosynthesis..prokaryotic.,0.043140038851580284,-0.033755236956159285,0
UDPNAGSYN.PWY..UDP.N.acetyl.D.glucosamine.biosynthesis.I,0.04972579461502483,0.06109670109869388,0
VALSYN.PWY..L.valine.biosynthesis,-0.07286040208308982,0.06661337149247262,0
